{
	"boost" : 0,
	"boost_gain" : 1,
	"boost_level" : 0.829999983310699,
	"boost_treble" : 0.119999997317791,
	"boost_bass" : 0.779999971389771,
	"compressor" : 1,
	"compressor_comp" : 0.479999989271164,
	"compressor_level" : 0.5,
	"compressor_attack" : 1,
	"overdrive" : 0,
	"overdrive_drive" : 0.199999988079071,
	"overdrive_level" : 0.819999992847443,
	"overdrive_tone" : 0.199999988079071,
	"chorus" : 0,
	"chorus_dry" : 0,
	"delay" : 0,
	"delay_mix" : 0.469999998807907,
	"delay_feedback" : 0.842105209827423,
	"delay_right" : 0.174702733755112,
	"delay_amount" : 0.689999997615814,
	"delay_time" : 0.649999976158142,
	"delay_tempo" : 0.300000011920929,
	"delay_left" : 0.173257797956467,
	"delay_sync" : 1,
	"delay_mode" : 0.5,
	"delay_type" : 1,
	"reverb" : 1,
	"reverb_dry" : 0.269999980926514,
	"reverb_decay" : 0.5,
	"reverb_right" : 1,
	"reverb_left" : 0,
	"reverb_shimmer" : 0,
	"amplitype" : 0.5,
	"amplisection" : 1,
	"ampliroses_gain" : 1,
	"ampliroses_bass" : 0.450000017881393,
	"ampliroses_middle" : 0.5,
	"ampliroses_treble" : 0.483333349227905,
	"ampliroses_presence" : 0.504166662693024,
	"ampliroses_blend" : 0.319999992847443,
	"ampliroses_level" : 0.479999989271164,
	"amplicherubs_gain" : 0.5,
	"amplicherubs_channel" : 0,
	"amplicherubs_bass" : 0.5,
	"amplicherubs_middle" : 0.5,
	"amplicherubs_treble" : 0.5,
	"amplicherubs_presence" : 0.5,
	"amplicherubs_level" : 1,
	"amplipink_gain" : 1,
	"amplipink_bass" : 0.810000002384186,
	"amplipink_middle" : 0.319999992847443,
	"amplipink_treble" : 0.319999992847443,
	"amplipink_presence" : 1,
	"amplipink_master" : 0.449999988079071,
	"amplipink_level" : 0.5625,
	"gate" : 0.16666667163372,
	"gaininput" : 0.5,
	"gainoutput" : 0.5
}
